<?xml version="1.0"?>
<!--<!DOCTYPE metadata SYSTEM "http://www.esri.com/metadata/esriprof80.dtd">-->
<metadata xml:lang="en"><Esri><MetaID>{310366E7-5A6F-4F2C-AB87-68CB7BB0A44E}</MetaID><CreaDate>20041210</CreaDate><CreaTime>08403300</CreaTime><SyncOnce>FALSE</SyncOnce><SyncDate>20220822</SyncDate><SyncTime>09124300</SyncTime><ModDate>20220822</ModDate><ModTime>09124300</ModTime><DataProperties><lineage><Process ToolSource="C:\Program Files\ArcGIS\ArcToolbox\Toolboxes\Data Management Tools.tbx\CopyFeatures" Date="20041210" Time="084034">CopyFeatures I:\AmFm\AMSamoa\Database\AmericanSamoaPowerAuthority.mdb\Electric\PriUGCon I:\AmFm\AMSamoa\Database\AMTest.mdb\Electric\PriUGCon # 0 0 0</Process><Process ToolSource="c:\program files (x86)\arcgis\desktop10.8\ArcToolbox\Toolboxes\Conversion Tools.tbx\FeatureClassToFeatureClass" Date="20220822" Time="091244">FeatureClassToFeatureClass "Z:\ASPA_Andrew_TDGIS\ASPA_Andrew_TDGIS\MAIN MAP\AmericanSamoaPowerAuthorityMain.mdb\Electric\PriUGCon" "C:\Users\Andrew\Desktop\TUTUILA URD SHAPEFILES" "TUTUILA POWER UNDERGROUND.shp" # "Enabled "Enabled" true true false 2 Short 0 0 ,First,#,Z:\ASPA_Andrew_TDGIS\ASPA_Andrew_TDGIS\MAIN MAP\AmericanSamoaPowerAuthorityMain.mdb\Electric\PriUGCon,Enabled,-1,-1;ParentID "ParentID" true true false 15 Text 0 0 ,First,#,Z:\ASPA_Andrew_TDGIS\ASPA_Andrew_TDGIS\MAIN MAP\AmericanSamoaPowerAuthorityMain.mdb\Electric\PriUGCon,ParentID,-1,-1;Feeder "Feeder" true true false 10 Text 0 0 ,First,#,Z:\ASPA_Andrew_TDGIS\ASPA_Andrew_TDGIS\MAIN MAP\AmericanSamoaPowerAuthorityMain.mdb\Electric\PriUGCon,Feeder,-1,-1;PhaseCode "PhaseCode" true true false 4 Long 0 0 ,First,#,Z:\ASPA_Andrew_TDGIS\ASPA_Andrew_TDGIS\MAIN MAP\AmericanSamoaPowerAuthorityMain.mdb\Electric\PriUGCon,PhaseCode,-1,-1;ConductorS "ConductorS" true true false 20 Text 0 0 ,First,#,Z:\ASPA_Andrew_TDGIS\ASPA_Andrew_TDGIS\MAIN MAP\AmericanSamoaPowerAuthorityMain.mdb\Electric\PriUGCon,ConductorSize_TypeA,-1,-1;Conducto_1 "Conducto_1" true true false 20 Text 0 0 ,First,#,Z:\ASPA_Andrew_TDGIS\ASPA_Andrew_TDGIS\MAIN MAP\AmericanSamoaPowerAuthorityMain.mdb\Electric\PriUGCon,ConductorSize_TypeB,-1,-1;Conducto_2 "Conducto_2" true true false 20 Text 0 0 ,First,#,Z:\ASPA_Andrew_TDGIS\ASPA_Andrew_TDGIS\MAIN MAP\AmericanSamoaPowerAuthorityMain.mdb\Electric\PriUGCon,ConductorSize_TypeC,-1,-1;Conducto_3 "Conducto_3" true true false 20 Text 0 0 ,First,#,Z:\ASPA_Andrew_TDGIS\ASPA_Andrew_TDGIS\MAIN MAP\AmericanSamoaPowerAuthorityMain.mdb\Electric\PriUGCon,ConductorSize_TypeN,-1,-1;Installari "Installari" true true false 4 Text 0 0 ,First,#,Z:\ASPA_Andrew_TDGIS\ASPA_Andrew_TDGIS\MAIN MAP\AmericanSamoaPowerAuthorityMain.mdb\Electric\PriUGCon,InstallarionYr,-1,-1;PlacementM "PlacementMethod" true true false 15 Text 0 0 ,First,#,Z:\ASPA_Andrew_TDGIS\ASPA_Andrew_TDGIS\MAIN MAP\AmericanSamoaPowerAuthorityMain.mdb\Electric\PriUGCon,PlacementMethod,-1,-1;Insulation "Insulation" true true false 15 Text 0 0 ,First,#,Z:\ASPA_Andrew_TDGIS\ASPA_Andrew_TDGIS\MAIN MAP\AmericanSamoaPowerAuthorityMain.mdb\Electric\PriUGCon,InsulationType,-1,-1;ThicknessI "ThicknessI" true true false 6 Text 0 0 ,First,#,Z:\ASPA_Andrew_TDGIS\ASPA_Andrew_TDGIS\MAIN MAP\AmericanSamoaPowerAuthorityMain.mdb\Electric\PriUGCon,ThicknessInMills,-1,-1;Substation "Substation" true true false 50 Text 0 0 ,First,#,Z:\ASPA_Andrew_TDGIS\ASPA_Andrew_TDGIS\MAIN MAP\AmericanSamoaPowerAuthorityMain.mdb\Electric\PriUGCon,SubstationNm,-1,-1;LineSectio "LineSectio" true true false 8 Text 0 0 ,First,#,Z:\ASPA_Andrew_TDGIS\ASPA_Andrew_TDGIS\MAIN MAP\AmericanSamoaPowerAuthorityMain.mdb\Electric\PriUGCon,LineSection,-1,-1;Idle "Idle" true true false 50 Text 0 0 ,First,#,Z:\ASPA_Andrew_TDGIS\ASPA_Andrew_TDGIS\MAIN MAP\AmericanSamoaPowerAuthorityMain.mdb\Electric\PriUGCon,Idle,-1,-1;JointTrenc "JointTrench" true true false 50 Text 0 0 ,First,#,Z:\ASPA_Andrew_TDGIS\ASPA_Andrew_TDGIS\MAIN MAP\AmericanSamoaPowerAuthorityMain.mdb\Electric\PriUGCon,JointTrench,-1,-1;NumberOfPh "NumberOfPh" true true false 1 Text 0 0 ,First,#,Z:\ASPA_Andrew_TDGIS\ASPA_Andrew_TDGIS\MAIN MAP\AmericanSamoaPowerAuthorityMain.mdb\Electric\PriUGCon,NumberOfPhases,-1,-1;Constructi "Constructi" true true false 10 Text 0 0 ,First,#,Z:\ASPA_Andrew_TDGIS\ASPA_Andrew_TDGIS\MAIN MAP\AmericanSamoaPowerAuthorityMain.mdb\Electric\PriUGCon,ConstructionStandard,-1,-1;PriVoltLin "PriVoltLin" true true false 12 Text 0 0 ,First,#,Z:\ASPA_Andrew_TDGIS\ASPA_Andrew_TDGIS\MAIN MAP\AmericanSamoaPowerAuthorityMain.mdb\Electric\PriUGCon,PriVoltLineToLine,-1,-1;WorkOrder "WorkOrder" true true false 15 Text 0 0 ,First,#,Z:\ASPA_Andrew_TDGIS\ASPA_Andrew_TDGIS\MAIN MAP\AmericanSamoaPowerAuthorityMain.mdb\Electric\PriUGCon,WorkOrder,-1,-1;PlanningSt "PlanningStatus" true true false 2 Short 0 0 ,First,#,Z:\ASPA_Andrew_TDGIS\ASPA_Andrew_TDGIS\MAIN MAP\AmericanSamoaPowerAuthorityMain.mdb\Electric\PriUGCon,PlanningStatus,-1,-1;Comments "Comments" true true false 255 Text 0 0 ,First,#,Z:\ASPA_Andrew_TDGIS\ASPA_Andrew_TDGIS\MAIN MAP\AmericanSamoaPowerAuthorityMain.mdb\Electric\PriUGCon,Comments,-1,-1;Span "Span" true true false 50 Text 0 0 ,First,#,Z:\ASPA_Andrew_TDGIS\ASPA_Andrew_TDGIS\MAIN MAP\AmericanSamoaPowerAuthorityMain.mdb\Electric\PriUGCon,Span,-1,-1;numWires "numWires" true true false 2 Short 0 0 ,First,#,Z:\ASPA_Andrew_TDGIS\ASPA_Andrew_TDGIS\MAIN MAP\AmericanSamoaPowerAuthorityMain.mdb\Electric\PriUGCon,numWires,-1,-1;conduit "conduit" true true false 2 Short 0 0 ,First,#,Z:\ASPA_Andrew_TDGIS\ASPA_Andrew_TDGIS\MAIN MAP\AmericanSamoaPowerAuthorityMain.mdb\Electric\PriUGCon,conduit,-1,-1;Shape_Leng "Shape_Length" false true true 8 Double 0 0 ,First,#,Z:\ASPA_Andrew_TDGIS\ASPA_Andrew_TDGIS\MAIN MAP\AmericanSamoaPowerAuthorityMain.mdb\Electric\PriUGCon,Shape_Length,-1,-1" #</Process></lineage><itemProps><itemName Sync="TRUE">TUTUILA POWER UNDERGROUND</itemName><imsContentType Sync="TRUE">002</imsContentType><itemSize Sync="TRUE">0.000</itemSize><itemLocation><linkage Sync="TRUE">file://\\TND-002\C$\Users\Andrew\Desktop\TUTUILA URD SHAPEFILES\TUTUILA POWER UNDERGROUND.shp</linkage><protocol Sync="TRUE">Local Area Network</protocol></itemLocation></itemProps><coordRef><type Sync="TRUE">Projected</type><geogcsn Sync="TRUE">GCS_WGS_1984</geogcsn><csUnits Sync="TRUE">Linear Unit: Meter (1.000000)</csUnits><projcsn Sync="TRUE">WGS_1984_UTM_Zone_2S</projcsn><peXml Sync="TRUE">&lt;ProjectedCoordinateSystem xsi:type='typens:ProjectedCoordinateSystem' xmlns:xsi='http://www.w3.org/2001/XMLSchema-instance' xmlns:xs='http://www.w3.org/2001/XMLSchema' xmlns:typens='http://www.esri.com/schemas/ArcGIS/10.8'&gt;&lt;WKT&gt;PROJCS[&amp;quot;WGS_1984_UTM_Zone_2S&amp;quot;,GEOGCS[&amp;quot;GCS_WGS_1984&amp;quot;,DATUM[&amp;quot;D_WGS_1984&amp;quot;,SPHEROID[&amp;quot;WGS_1984&amp;quot;,6378137.0,298.257223563]],PRIMEM[&amp;quot;Greenwich&amp;quot;,0.0],UNIT[&amp;quot;Degree&amp;quot;,0.0174532925199433]],PROJECTION[&amp;quot;Transverse_Mercator&amp;quot;],PARAMETER[&amp;quot;False_Easting&amp;quot;,500000.0],PARAMETER[&amp;quot;False_Northing&amp;quot;,10000000.0],PARAMETER[&amp;quot;Central_Meridian&amp;quot;,-171.0],PARAMETER[&amp;quot;Scale_Factor&amp;quot;,0.9996],PARAMETER[&amp;quot;Latitude_Of_Origin&amp;quot;,0.0],UNIT[&amp;quot;Meter&amp;quot;,1.0],AUTHORITY[&amp;quot;EPSG&amp;quot;,32702]]&lt;/WKT&gt;&lt;XOrigin&gt;-5120900&lt;/XOrigin&gt;&lt;YOrigin&gt;1900&lt;/YOrigin&gt;&lt;XYScale&gt;450445547.3910538&lt;/XYScale&gt;&lt;ZOrigin&gt;-100000&lt;/ZOrigin&gt;&lt;ZScale&gt;10000&lt;/ZScale&gt;&lt;MOrigin&gt;-100000&lt;/MOrigin&gt;&lt;MScale&gt;10000&lt;/MScale&gt;&lt;XYTolerance&gt;0.001&lt;/XYTolerance&gt;&lt;ZTolerance&gt;0.001&lt;/ZTolerance&gt;&lt;MTolerance&gt;0.001&lt;/MTolerance&gt;&lt;HighPrecision&gt;true&lt;/HighPrecision&gt;&lt;WKID&gt;32702&lt;/WKID&gt;&lt;LatestWKID&gt;32702&lt;/LatestWKID&gt;&lt;/ProjectedCoordinateSystem&gt;</peXml></coordRef></DataProperties></Esri><idinfo><native Sync="TRUE">Microsoft Windows XP Version 5.1 (Build 2600) Service Pack 1; ESRI ArcCatalog 9.0.0.535</native><descript><langdata Sync="TRUE">en</langdata><abstract>REQUIRED: A brief narrative summary of the data set.</abstract><purpose>REQUIRED: A summary of the intentions with which the data set was developed.</purpose></descript><citation><citeinfo><origin>REQUIRED: The name of an organization or individual that developed the data set.</origin><pubdate>REQUIRED: The date when the data set is published or otherwise made available for release.</pubdate><title Sync="TRUE">PriUGCon</title><ftname Sync="TRUE">PriUGCon</ftname><geoform Sync="TRUE">vector digital data</geoform><onlink Sync="TRUE">\\erntusg\usg\AmFm\AMSamoa\Database\AMTest.mdb</onlink></citeinfo></citation><timeperd><current>REQUIRED: The basis on which the time period of content information is determined.</current><timeinfo><sngdate><caldate>REQUIRED: The year (and optionally month, or month and day) for which the data set corresponds to the ground.</caldate></sngdate></timeinfo></timeperd><status><progress>REQUIRED: The state of the data set.</progress><update>REQUIRED: The frequency with which changes and additions are made to the data set after the initial data set is completed.</update></status><spdom><bounding><westbc Sync="TRUE">REQUIRED: Western-most coordinate of the limit of coverage expressed in longitude.</westbc><eastbc Sync="TRUE">REQUIRED: Eastern-most coordinate of the limit of coverage expressed in longitude.</eastbc><northbc Sync="TRUE">REQUIRED: Northern-most coordinate of the limit of coverage expressed in latitude.</northbc><southbc Sync="TRUE">REQUIRED: Southern-most coordinate of the limit of coverage expressed in latitude.</southbc></bounding></spdom><keywords><theme><themekt>REQUIRED: Reference to a formally registered thesaurus or a similar authoritative source of theme keywords.</themekt><themekey>REQUIRED: Common-use word or phrase used to describe the subject of the data set.</themekey></theme></keywords><accconst>REQUIRED: Restrictions and legal prerequisites for accessing the data set.</accconst><useconst>REQUIRED: Restrictions and legal prerequisites for using the data set after access is granted.</useconst><natvform Sync="TRUE">Personal GeoDatabase Feature Class</natvform></idinfo><dataIdInfo><envirDesc Sync="TRUE"> Version 6.2 (Build 9200) ; Esri ArcGIS 10.8.1.14362</envirDesc><dataLang><languageCode Sync="TRUE" value="eng"></languageCode><countryCode value="USA" Sync="TRUE"></countryCode></dataLang><idCitation><resTitle Sync="TRUE">TUTUILA POWER UNDERGROUND</resTitle><presForm><PresFormCd Sync="TRUE" value="005"></PresFormCd></presForm></idCitation><spatRpType><SpatRepTypCd Sync="TRUE" value="001"></SpatRepTypCd></spatRpType></dataIdInfo><metainfo><langmeta Sync="TRUE">en</langmeta><metstdn Sync="TRUE">FGDC Content Standards for Digital Geospatial Metadata</metstdn><metstdv Sync="TRUE">FGDC-STD-001-1998</metstdv><mettc Sync="TRUE">local time</mettc><metc><cntinfo><cntorgp><cntper>REQUIRED: The person responsible for the metadata information.</cntper><cntorg>REQUIRED: The organization responsible for the metadata information.</cntorg></cntorgp><cntaddr><addrtype>REQUIRED: The mailing and/or physical address for the organization or individual.</addrtype><city>REQUIRED: The city of the address.</city><state>REQUIRED: The state or province of the address.</state><postal>REQUIRED: The ZIP or other postal code of the address.</postal></cntaddr><cntvoice>REQUIRED: The telephone number by which individuals can speak to the organization or individual.</cntvoice></cntinfo></metc><metd Sync="TRUE">20041210</metd></metainfo><mdLang><languageCode Sync="TRUE" value="eng"></languageCode><countryCode value="USA" Sync="TRUE"></countryCode></mdLang><mdStanName Sync="TRUE">ISO 19115 Geographic Information - Metadata</mdStanName><mdStanVer Sync="TRUE">DIS_ESRI1.0</mdStanVer><mdChar><CharSetCd Sync="TRUE" value="004"></CharSetCd></mdChar><mdHrLv><ScopeCd Sync="TRUE" value="005"></ScopeCd></mdHrLv><mdHrLvName Sync="TRUE">dataset</mdHrLvName><distinfo><resdesc Sync="TRUE">Downloadable Data</resdesc></distinfo><distInfo><distributor><distorTran><onLineSrc><orDesc Sync="TRUE">002</orDesc><linkage Sync="TRUE">file://\\erntusg\usg\AmFm\AMSamoa\Database\AMTest.mdb</linkage><protocol Sync="TRUE">Local Area Network</protocol></onLineSrc></distorTran><distorFormat><formatName Sync="TRUE">Personal GeoDatabase Feature Class</formatName></distorFormat></distributor><distFormat><formatName Sync="TRUE">Shapefile</formatName></distFormat><distTranOps><transSize Sync="TRUE">0.000</transSize></distTranOps></distInfo><spdoinfo><direct Sync="TRUE">Vector</direct><ptvctinf><esriterm Name="TUTUILA POWER UNDERGROUND"><efeatyp Sync="TRUE">Simple</efeatyp><efeageom code="3" Sync="TRUE"></efeageom><esritopo Sync="TRUE">FALSE</esritopo><efeacnt Sync="TRUE">0</efeacnt><spindex Sync="TRUE">FALSE</spindex><linrefer Sync="TRUE">FALSE</linrefer></esriterm></ptvctinf></spdoinfo><spref><horizsys><cordsysn><geogcsn Sync="TRUE">GCS_WGS_1984</geogcsn><projcsn Sync="TRUE">WGS_1984_UTM_Zone_2S</projcsn></cordsysn><planar><planci><plance Sync="TRUE">coordinate pair</plance><plandu Sync="TRUE">meters</plandu><coordrep><absres Sync="TRUE">0.000064</absres><ordres Sync="TRUE">0.000064</ordres></coordrep></planci></planar><geodetic><horizdn Sync="TRUE">D_WGS_1984</horizdn><ellips Sync="TRUE">WGS_1984</ellips><semiaxis Sync="TRUE">6378137.000000</semiaxis><denflat Sync="TRUE">298.257224</denflat></geodetic></horizsys><vertdef><altsys><altenc Sync="TRUE">Explicit elevation coordinate included with horizontal coordinates</altenc><altres Sync="TRUE">0.000010</altres></altsys></vertdef></spref><refSysInfo><RefSystem><refSysID><identCode Sync="TRUE" code="32702">WGS_1984_UTM_Zone_2S</identCode><idCodeSpace Sync="TRUE">EPSG</idCodeSpace><idVersion Sync="TRUE">2.1(3.0.1)</idVersion></refSysID></RefSystem></refSysInfo><spatRepInfo><VectSpatRep><geometObjs Name="TUTUILA POWER UNDERGROUND"><geoObjTyp><GeoObjTypCd value="002" Sync="TRUE"></GeoObjTypCd></geoObjTyp><geoObjCnt Sync="TRUE">0</geoObjCnt></geometObjs><topLvl><TopoLevCd value="001" Sync="TRUE"></TopoLevCd></topLvl></VectSpatRep></spatRepInfo><eainfo><detailed Name="TUTUILA POWER UNDERGROUND"><enttyp><enttypl Sync="TRUE">TUTUILA POWER UNDERGROUND</enttypl><enttypt Sync="TRUE">Feature Class</enttypt><enttypc Sync="TRUE">0</enttypc></enttyp><attr><attrlabl Sync="TRUE">FID</attrlabl><attalias Sync="TRUE">FID</attalias><attrtype Sync="TRUE">OID</attrtype><attwidth Sync="TRUE">4</attwidth><atprecis Sync="TRUE">0</atprecis><attscale Sync="TRUE">0</attscale><attrdef Sync="TRUE">Internal feature number.</attrdef><attrdefs Sync="TRUE">Esri</attrdefs><attrdomv><udom Sync="TRUE">Sequential unique whole numbers that are automatically generated.</udom></attrdomv></attr><attr><attrlabl Sync="TRUE">Shape</attrlabl><attalias Sync="TRUE">Shape</attalias><attrtype Sync="TRUE">Geometry</attrtype><attwidth Sync="TRUE">0</attwidth><atprecis Sync="TRUE">0</atprecis><attscale Sync="TRUE">0</attscale><attrdef Sync="TRUE">Feature geometry.</attrdef><attrdefs Sync="TRUE">ESRI</attrdefs><attrdomv><udom Sync="TRUE">Coordinates defining the features.</udom></attrdomv></attr><attr><attrlabl Sync="TRUE">Enabled</attrlabl><attalias Sync="TRUE">Enabled</attalias><attrtype Sync="TRUE">Integer</attrtype><attwidth Sync="TRUE">5</attwidth><atprecis Sync="TRUE">5</atprecis><attscale Sync="TRUE">0</attscale></attr><attr><attrlabl Sync="TRUE">ParentID</attrlabl><attalias Sync="TRUE">ParentID</attalias><attrtype Sync="TRUE">String</attrtype><attwidth Sync="TRUE">15</attwidth><atprecis Sync="TRUE">0</atprecis><attscale Sync="TRUE">0</attscale></attr><attr><attrlabl Sync="TRUE">Feeder</attrlabl><attalias Sync="TRUE">Feeder</attalias><attrtype Sync="TRUE">String</attrtype><attwidth Sync="TRUE">10</attwidth><atprecis Sync="TRUE">0</atprecis><attscale Sync="TRUE">0</attscale></attr><attr><attrlabl Sync="TRUE">PhaseCode</attrlabl><attalias Sync="TRUE">PhaseCode</attalias><attrtype Sync="TRUE">Integer</attrtype><attwidth Sync="TRUE">10</attwidth><atprecis Sync="TRUE">10</atprecis><attscale Sync="TRUE">0</attscale></attr><attr><attrlabl Sync="TRUE">ConductorS</attrlabl><attalias Sync="TRUE">ConductorS</attalias><attrtype Sync="TRUE">String</attrtype><attwidth Sync="TRUE">20</attwidth><atprecis Sync="TRUE">0</atprecis><attscale Sync="TRUE">0</attscale></attr><attr><attrlabl Sync="TRUE">Conducto_1</attrlabl><attalias Sync="TRUE">Conducto_1</attalias><attrtype Sync="TRUE">String</attrtype><attwidth Sync="TRUE">20</attwidth><atprecis Sync="TRUE">0</atprecis><attscale Sync="TRUE">0</attscale></attr><attr><attrlabl Sync="TRUE">Conducto_2</attrlabl><attalias Sync="TRUE">Conducto_2</attalias><attrtype Sync="TRUE">String</attrtype><attwidth Sync="TRUE">20</attwidth><atprecis Sync="TRUE">0</atprecis><attscale Sync="TRUE">0</attscale></attr><attr><attrlabl Sync="TRUE">Conducto_3</attrlabl><attalias Sync="TRUE">Conducto_3</attalias><attrtype Sync="TRUE">String</attrtype><attwidth Sync="TRUE">20</attwidth><atprecis Sync="TRUE">0</atprecis><attscale Sync="TRUE">0</attscale></attr><attr><attrlabl Sync="TRUE">Installari</attrlabl><attalias Sync="TRUE">Installari</attalias><attrtype Sync="TRUE">String</attrtype><attwidth Sync="TRUE">4</attwidth><atprecis Sync="TRUE">0</atprecis><attscale Sync="TRUE">0</attscale></attr><attr><attrlabl Sync="TRUE">PlacementM</attrlabl><attalias Sync="TRUE">PlacementM</attalias><attrtype Sync="TRUE">String</attrtype><attwidth Sync="TRUE">15</attwidth><atprecis Sync="TRUE">0</atprecis><attscale Sync="TRUE">0</attscale></attr><attr><attrlabl Sync="TRUE">Insulation</attrlabl><attalias Sync="TRUE">Insulation</attalias><attrtype Sync="TRUE">String</attrtype><attwidth Sync="TRUE">15</attwidth><atprecis Sync="TRUE">0</atprecis><attscale Sync="TRUE">0</attscale></attr><attr><attrlabl Sync="TRUE">ThicknessI</attrlabl><attalias Sync="TRUE">ThicknessI</attalias><attrtype Sync="TRUE">String</attrtype><attwidth Sync="TRUE">6</attwidth><atprecis Sync="TRUE">0</atprecis><attscale Sync="TRUE">0</attscale></attr><attr><attrlabl Sync="TRUE">Substation</attrlabl><attalias Sync="TRUE">Substation</attalias><attrtype Sync="TRUE">String</attrtype><attwidth Sync="TRUE">50</attwidth><atprecis Sync="TRUE">0</atprecis><attscale Sync="TRUE">0</attscale></attr><attr><attrlabl Sync="TRUE">LineSectio</attrlabl><attalias Sync="TRUE">LineSectio</attalias><attrtype Sync="TRUE">String</attrtype><attwidth Sync="TRUE">8</attwidth><atprecis Sync="TRUE">0</atprecis><attscale Sync="TRUE">0</attscale></attr><attr><attrlabl Sync="TRUE">Idle</attrlabl><attalias Sync="TRUE">Idle</attalias><attrtype Sync="TRUE">String</attrtype><attwidth Sync="TRUE">50</attwidth><atprecis Sync="TRUE">0</atprecis><attscale Sync="TRUE">0</attscale></attr><attr><attrlabl Sync="TRUE">JointTrenc</attrlabl><attalias Sync="TRUE">JointTrenc</attalias><attrtype Sync="TRUE">String</attrtype><attwidth Sync="TRUE">50</attwidth><atprecis Sync="TRUE">0</atprecis><attscale Sync="TRUE">0</attscale></attr><attr><attrlabl Sync="TRUE">NumberOfPh</attrlabl><attalias Sync="TRUE">NumberOfPh</attalias><attrtype Sync="TRUE">String</attrtype><attwidth Sync="TRUE">1</attwidth><atprecis Sync="TRUE">0</atprecis><attscale Sync="TRUE">0</attscale></attr><attr><attrlabl Sync="TRUE">Constructi</attrlabl><attalias Sync="TRUE">Constructi</attalias><attrtype Sync="TRUE">String</attrtype><attwidth Sync="TRUE">10</attwidth><atprecis Sync="TRUE">0</atprecis><attscale Sync="TRUE">0</attscale></attr><attr><attrlabl Sync="TRUE">PriVoltLin</attrlabl><attalias Sync="TRUE">PriVoltLin</attalias><attrtype Sync="TRUE">String</attrtype><attwidth Sync="TRUE">12</attwidth><atprecis Sync="TRUE">0</atprecis><attscale Sync="TRUE">0</attscale></attr><attr><attrlabl Sync="TRUE">WorkOrder</attrlabl><attalias Sync="TRUE">WorkOrder</attalias><attrtype Sync="TRUE">String</attrtype><attwidth Sync="TRUE">15</attwidth><atprecis Sync="TRUE">0</atprecis><attscale Sync="TRUE">0</attscale></attr><attr><attrlabl Sync="TRUE">PlanningSt</attrlabl><attalias Sync="TRUE">PlanningSt</attalias><attrtype Sync="TRUE">Integer</attrtype><attwidth Sync="TRUE">5</attwidth><atprecis Sync="TRUE">5</atprecis><attscale Sync="TRUE">0</attscale></attr><attr><attrlabl Sync="TRUE">Comments</attrlabl><attalias Sync="TRUE">Comments</attalias><attrtype Sync="TRUE">String</attrtype><attwidth Sync="TRUE">254</attwidth><atprecis Sync="TRUE">0</atprecis><attscale Sync="TRUE">0</attscale></attr><attr><attrlabl Sync="TRUE">Span</attrlabl><attalias Sync="TRUE">Span</attalias><attrtype Sync="TRUE">String</attrtype><attwidth Sync="TRUE">50</attwidth><atprecis Sync="TRUE">0</atprecis><attscale Sync="TRUE">0</attscale></attr><attr><attrlabl Sync="TRUE">numWires</attrlabl><attalias Sync="TRUE">numWires</attalias><attrtype Sync="TRUE">Integer</attrtype><attwidth Sync="TRUE">5</attwidth><atprecis Sync="TRUE">5</atprecis><attscale Sync="TRUE">0</attscale></attr><attr><attrlabl Sync="TRUE">conduit</attrlabl><attalias Sync="TRUE">conduit</attalias><attrtype Sync="TRUE">Integer</attrtype><attwidth Sync="TRUE">5</attwidth><atprecis Sync="TRUE">5</atprecis><attscale Sync="TRUE">0</attscale></attr><attr><attrlabl Sync="TRUE">Shape_Leng</attrlabl><attalias Sync="TRUE">Shape_Leng</attalias><attrtype Sync="TRUE">Double</attrtype><attwidth Sync="TRUE">19</attwidth><atprecis Sync="TRUE">0</atprecis><attscale Sync="TRUE">0</attscale></attr></detailed></eainfo><mdDateSt Sync="TRUE">20220822</mdDateSt></metadata>
